"DATE","MON FLO AF","","MON FNF AF","","IRR&CNS AF",""
"10/1960","375,100","","281,000","","--",""
"11/1960","383,300","","423,200","","--",""
"12/1960","537,400","","964,500","","--",""
"01/1961","402,400","","575,600","","--",""
"02/1961","1,029,000","","1,344,200","","--",""
"03/1961","986,400","","1,042,500","","--",""
"04/1961","528,000","","691,400","","--",""
"05/1961","536,700","","626,900","","--",""
"06/1961","589,200","","417,700","","--",""
"07/1961","696,000","","283,300","","--",""
"08/1961","672,500","","259,100","","--",""
"09/1961","443,200","","255,700","","--",""
"10/1961","368,000","","283,000","","--",""
"11/1961","378,700","","425,200","","--",""
"12/1961","501,600","","829,500","","--",""
"01/1962","327,900","","477,400","","--",""
"02/1962","947,400","","1,860,800","","--",""
"03/1962","715,900","","1,100,200","","--",""
"04/1962","398,400","","772,100","","--",""
"05/1962","526,500","","564,200","","--",""
"06/1962","574,200","","381,600","","--",""
"07/1962","639,500","","273,800","","--",""
"08/1962","656,400","","250,500","","--",""
"09/1962","433,700","","244,700","","--",""
"10/1962","578,500","","897,700","","--",""
"11/1962","398,400","","400,000","","--",""
"12/1962","837,200","","918,200","","--",""
"01/1963","620,000","","558,100","","--",""
"02/1963","1,105,000","","1,360,200","","--",""
"03/1963","500,200","","912,500","","--",""
"04/1963","1,793,000","","2,401,600","","--",""
"05/1963","856,400","","1,032,800","","--",""
"06/1963","562,900","","476,300","","--",""
"07/1963","638,900","","347,000","","--",""
"08/1963","655,900","","308,900","","--",""
"09/1963","659,900","","286,100","","--",""
"10/1963","521,800","","353,000","","--",""
"11/1963","644,700","","699,400","","--",""
"12/1963","668,300","","400,200","","--",""
"01/1964","686,800","","850,400","","--",""
"02/1964","578,500","","473,300","","--",""
"03/1964","383,100","","451,200","","--",""
"04/1964","495,400","","470,100","","--",""
"05/1964","532,100","","414,600","","--",""
"06/1964","599,300","","404,200","","--",""
"07/1964","745,800","","246,400","","--",""
"08/1964","724,600","","223,300","","--",""
"09/1964","522,700","","232,000","","--",""
"10/1964","356,300","","263,300","","--",""
"11/1964","401,100","","498,200","","--",""
"12/1964","1,613,000","","2,500,100","","--",""
"01/1965","2,149,000","","2,088,900","","--",""
"02/1965","829,900","","803,500","","--",""
"03/1965","359,900","","592,900","","--",""
"04/1965","733,700","","1,631,800","","--",""
"05/1965","661,400","","681,500","","--",""
"06/1965","576,300","","405,700","","--",""
"07/1965","691,400","","330,100","","--",""
"08/1965","711,700","","296,700","","--",""
"09/1965","558,900","","266,900","","--",""
"10/1965","521,100","","282,500","","--",""
"11/1965","675,800","","724,700","","--",""
"12/1965","846,900","","485,100","","--",""
"01/1966","1,197,000","","1,121,200","","--",""
"02/1966","659,700","","949,500","","--",""
"03/1966","597,300","","1,186,400","","--",""
"04/1966","567,300","","912,600","","--",""
"05/1966","605,900","","490,200","","--",""
"06/1966","676,400","","337,200","","--",""
"07/1966","842,400","","275,200","","--",""
"08/1966","779,300","","254,200","","--",""
"09/1966","482,700","","259,100","","--",""
"10/1966","477,800","","253,100","","--",""
"11/1966","662,800","","690,800","","--",""
"12/1966","1,490,000","","1,279,300","","--",""
"01/1967","1,060,000","","1,405,500","","--",""
"02/1967","1,289,000","","1,083,000","","--",""
"03/1967","607,600","","1,338,300","","--",""
"04/1967","1,176,000","","1,543,600","","--",""
"05/1967","1,205,000","","1,273,100","","--",""
"06/1967","907,600","","714,100","","--",""
"07/1967","817,800","","375,000","","--",""
"08/1967","778,100","","293,700","","--",""
"09/1967","656,800","","260,900","","--",""
"10/1967","598,500","","303,100","","--",""
"11/1967","475,100","","302,000","","--",""
"12/1967","590,900","","436,900","","--",""
"01/1968","734,100","","763,800","","--",""
"02/1968","1,394,000","","1,668,100","","--",""
"03/1968","850,100","","1,060,500","","--",""
"04/1968","571,600","","597,300","","--",""
"05/1968","600,300","","500,200","","--",""
"06/1968","671,600","","343,000","","--",""
"07/1968","873,500","","306,000","","--",""
"08/1968","794,000","","327,400","","--",""
"09/1968","624,200","","300,900","","--",""
"10/1968","487,900","","321,100","","--",""
"11/1968","469,400","","355,600","","--",""
"12/1968","766,000","","980,200","","--",""
"01/1969","2,092,000","","2,548,600","","--",""
"02/1969","2,221,000","","2,209,000","","--",""
"03/1969","878,300","","1,306,800","","--",""
"04/1969","704,600","","1,482,100","","--",""
"05/1969","989,200","","1,071,800","","--",""
"06/1969","898,700","","538,700","","--",""
"07/1969","769,000","","361,300","","--",""
"08/1969","740,800","","293,100","","--",""
"09/1969","579,400","","328,900","","--",""
"10/1969","518,200","","355,500","","--",""
"11/1969","494,100","","329,800","","--",""
"12/1969","1,468,000","","1,485,500","","--",""
"01/1970","3,755,000","","4,535,800","","--",""
"02/1970","2,159,000","","1,369,000","","--",""
"03/1970","784,400","","1,232,600","","--",""
"04/1970","563,200","","560,900","","--",""
"05/1970","585,400","","513,700","","--",""
"06/1970","613,300","","411,000","","--",""
"07/1970","664,300","","323,000","","--",""
"08/1970","585,900","","305,900","","--",""
"09/1970","486,600","","288,100","","--",""
"10/1970","455,700","","343,450","","--",""
"11/1970","922,000","","1,032,350","","--",""
"12/1970","1,999,000","","1,704,530","","--",""
"01/1971","1,587,000","","1,648,150","","--",""
"02/1971","781,800","","766,290","","--",""
"03/1971","724,400","","1,493,200","","--",""
"04/1971","983,200","","1,109,980","","--",""
"05/1971","1,057,000","","956,690","","--",""
"06/1971","885,000","","674,010","","--",""
"07/1971","833,700","","420,520","","--",""
"08/1971","839,400","","312,880","","--",""
"09/1971","674,400","","322,460","","--",""
"10/1971","496,300","","370,200","","--",""
"11/1971","447,300","","360,300","","--",""
"12/1971","547,900","","511,900","","--",""
"01/1972","547,800","","731,200","","--",""
"02/1972","560,800","","759,700","","--",""
"03/1972","882,200","","1,235,600","","--",""
"04/1972","651,600","","872,000","","--",""
"05/1972","685,100","","525,300","","--",""
"06/1972","722,600","","376,000","","--",""
"07/1972","768,400","","297,400","","--",""
"08/1972","614,500","","277,000","","--",""
"09/1972","468,000","","289,000","","--",""
"10/1972","428,000","","381,100","","--",""
"11/1972","735,900","","654,800","","--",""
"12/1972","792,900","","817,600","","--",""
"01/1973","1,853,000","","1,818,000","","--",""
"02/1973","1,579,000","","1,745,500","","--",""
"03/1973","1,065,000","","1,435,700","","--",""
"04/1973","546,700","","801,900","","--",""
"05/1973","689,800","","677,400","","--",""
"06/1973","659,700","","397,200","","--",""
"07/1973","779,900","","323,500","","--",""
"08/1973","704,300","","291,600","","--",""
"09/1973","569,700","","294,800","","--",""
"10/1973","477,600","","406,740","","--",""
"11/1973","1,766,000","","2,107,100","","--",""
"12/1973","2,242,000","","1,845,560","","--",""
"01/1974","3,251,000","","3,355,050","","--",""
"02/1974","1,232,000","","1,054,220","","--",""
"03/1974","1,834,000","","2,579,450","","--",""
"04/1974","2,089,000","","1,849,260","","--",""
"05/1974","914,000","","910,550","","--",""
"06/1974","858,100","","594,850","","--",""
"07/1974","797,600","","458,070","","--",""
"08/1974","808,300","","362,060","","--",""
"09/1974","657,800","","353,520","","--",""
"10/1974","548,100","","344,800","","--",""
"11/1974","622,400","","380,420","","--",""
"12/1974","652,800","","502,600","","--",""
"01/1975","503,400","","506,750","","--",""
"02/1975","1,103,000","","1,452,240","","--",""
"03/1975","1,830,000","","2,307,390","","--",""
"04/1975","815,800","","1,176,720","","--",""
"05/1975","1,027,000","","1,044,170","","--",""
"06/1975","858,300","","634,420","","--",""
"07/1975","766,800","","379,090","","--",""
"08/1975","766,200","","326,620","","--",""
"09/1975","561,100","","331,980","","--",""
"10/1975","593,100","","435,230","","--",""
"11/1975","674,700","","379,480","","--",""
"12/1975","709,300","","401,570","","--",""
"01/1976","451,000","","370,600","","--",""
"02/1976","525,100","","442,740","","--",""
"03/1976","519,400","","625,260","","--",""
"04/1976","658,200","","554,140","","--",""
"05/1976","786,700","","391,440","","--",""
"06/1976","814,800","","304,300","","--",""
"07/1976","839,600","","258,110","","--",""
"08/1976","767,000","","304,490","","--",""
"09/1976","425,700","","295,360","","--",""
"10/1976","274,700","","297,820","","--",""
"11/1976","270,400","","272,290","","--",""
"12/1976","264,100","","274,850","","--",""
"01/1977","411,500","","303,410","","--",""
"02/1977","339,700","","281,770","","--",""
"03/1977","392,900","","313,110","","--",""
"04/1977","502,300","","255,330","","--",""
"05/1977","512,200","","337,630","","--",""
"06/1977","568,400","","271,200","","--",""
"07/1977","666,500","","242,230","","--",""
"08/1977","525,200","","244,610","","--",""
"09/1977","316,700","","318,130","","--",""
"10/1977","242,000","","281,710","","--",""
"11/1977","333,700","","320,080","","--",""
"12/1977","465,600","","969,060","","--",""
"01/1978","1,325,000","","3,115,300","","--",""
"02/1978","988,800","","1,632,450","","--",""
"03/1978","1,683,000","","2,074,210","","--",""
"04/1978","945,100","","1,458,720","","--",""
"05/1978","679,800","","800,830","","--",""
"06/1978","570,900","","441,100","","--",""
"07/1978","670,600","","335,640","","--",""
"08/1978","676,600","","281,350","","--",""
"09/1978","428,700","","313,850","","--",""
"10/1978","394,100","","270,510","","--",""
"11/1978","396,100","","264,350","","--",""
"12/1978","415,900","","269,830","","--",""
"01/1979","553,200","","473,530","","--",""
"02/1979","575,700","","945,310","","--",""
"03/1979","509,800","","1,009,640","","--",""
"04/1979","484,000","","667,590","","--",""
"05/1979","577,200","","706,010","","--",""
"06/1979","642,500","","270,960","","--",""
"07/1979","866,800","","267,200","","--",""
"08/1979","614,400","","232,320","","--",""
"09/1979","373,400","","239,880","","--",""
"10/1979","348,600","","378,810","","--",""
"11/1979","386,500","","497,350","","--",""
"12/1979","645,700","","689,560","","--",""
"01/1980","1,610,000","","1,776,000","","--",""
"02/1980","2,083,000","","2,261,730","","--",""
"03/1980","1,436,000","","1,519,710","","--",""
"04/1980","526,600","","783,000","","--",""
"05/1980","530,200","","592,410","","--",""
"06/1980","670,400","","362,220","","--",""
"07/1980","715,400","","308,910","","--",""
"08/1980","593,500","","256,690","","--",""
"09/1980","410,200","","309,300","","--",""
"10/1980","333,100","","299,460","","--",""
"11/1980","370,700","","277,830","","--",""
"12/1980","522,900","","509,440","","--",""
"01/1981","602,100","","968,660","","--",""
"02/1981","515,000","","908,400","","--",""
"03/1981","795,100","","1,227,460","","--",""
"04/1981","593,700","","660,990","","--",""
"05/1981","745,200","","467,520","","--",""
"06/1981","737,300","","312,110","","--",""
"07/1981","895,700","","272,580","","--",""
"08/1981","832,100","","243,440","","--",""
"09/1981","401,300","","244,190","","--",""
"10/1981","277,700","","323,560","","--",""
"11/1981","777,400","","1,546,410","","--",""
"12/1981","2,038,000","","2,103,980","","--",""
"01/1982","1,367,000","","1,293,070","","--",""
"02/1982","1,788,000","","1,736,930","","--",""
"03/1982","1,353,000","","1,687,470","","--",""
"04/1982","1,772,000","","2,208,070","","--",""
"05/1982","966,400","","929,070","","--",""
"06/1982","693,000","","533,870","","--",""
"07/1982","690,100","","376,020","r","--",""
"08/1982","733,500","","313,080","","--",""
"09/1982","588,900","","309,700","","--",""
"10/1982","514,000","","382,990","","--",""
"11/1982","778,800","","541,980","","--",""
"12/1982","1,505,000","","1,366,790","","--",""
"01/1983","1,471,000","","1,914,910","","--",""
"02/1983","3,232,000","","2,925,200","","--",""
"03/1983","4,662,000","","4,677,270","","--",""
"04/1983","1,363,000","","1,816,540","","--",""
"05/1983","1,384,000","","1,530,080","","--",""
"06/1983","1,039,000","","852,680","","--",""
"07/1983","941,800","","474,660","","--",""
"08/1983","899,500","","341,100","","--",""
"09/1983","631,100","","356,130","","--",""
"10/1983","651,800","","376,960","","--",""
"11/1983","1,181,000","","986,690","","--",""
"12/1983","2,666,000","","2,569,420","","--",""
"01/1984","1,233,000","","1,029,120","","--",""
"02/1984","560,900","","823,650","","--",""
"03/1984","732,100","","1,068,550","","--",""
"04/1984","509,800","","726,450","","--",""
"05/1984","607,000","","614,560","","--",""
"06/1984","659,600","","440,940","","--",""
"07/1984","895,200","","314,430","","--",""
"08/1984","714,700","","276,500","","--",""
"09/1984","484,600","","292,750","","--",""
"10/1984","460,800","","371,560","","--",""
"11/1984","944,500","","962,990","","--",""
"12/1984","893,600","","661,040","","--",""
"01/1985","457,700","","428,150","","--",""
"02/1985","410,400","","496,830","","--",""
"03/1985","385,100","","554,460","","--",""
"04/1985","434,100","","555,160","","--",""
"05/1985","622,500","","338,020","","--",""
"06/1985","655,600","","329,300","","--",""
"07/1985","860,000","","252,050","","--",""
"08/1985","659,900","","244,920","","--",""
"09/1985","374,700","","312,030","","28,500",""
"10/1985","319,600","","330,200","","28,500",""
"11/1985","339,400","","342,500","","2,500",""
"12/1985","393,300","","550,930","","4,000",""
"01/1986","533,600","","1,099,700","","6,000",""
"02/1986","2,851,000","","3,670,843","","7,000",""
"03/1986","2,494,000","","2,287,960","","7,000",""
"04/1986","409,400","","764,190","","37,000",""
"05/1986","605,200","","622,520","","54,000",""
"06/1986","615,300","","360,930","","56,000",""
"07/1986","691,200","","337,600","","43,000",""
"08/1986","621,600","","259,800","","35,000",""
"09/1986","463,300","","317,700","","35,000",""
"10/1986","433,100","","323,440","","28,500",""
"11/1986","426,800","","275,297","","2,500",""
"12/1986","416,600","","329,780","","4,000",""
"01/1987","410,900","","462,612","","6,000",""
"02/1987","398,200","","750,789","","7,000",""
"03/1987","546,300","","1,336,804","","7,000",""
"04/1987","582,100","","454,946","","37,000",""
"05/1987","690,100","","373,110","","54,000",""
"06/1987","756,300","","245,199","","56,000",""
"07/1987","925,500","","269,860","","43,000",""
"08/1987","756,600","","218,973","","35,000",""
"09/1987","405,400","","239,027","","35,000",""
"10/1987","326,400","","250,320","","28,500",""
"11/1987","259,100","","279,169","","2,500",""
"12/1987","477,700","","1,015,086","","4,000",""
"01/1988","576,300","","1,045,160","","6,000",""
"02/1988","284,200","","472,607","","7,000",""
"03/1988","418,100","","418,998","","7,000",""
"04/1988","742,400","","425,844","","37,000",""
"05/1988","710,100","","492,039","","54,000",""
"06/1988","684,200","","353,997","","56,000",""
"07/1988","907,100","","246,830","","43,000",""
"08/1988","742,100","","200,532","","35,000",""
"09/1988","450,800","","209,591","","35,000",""
"10/1988","378,900","","231,474","","28,500",""
"11/1988","422,100","","537,076","","2,500",""
"12/1988","437,400","","396,672","","4,000",""
"01/1989","358,200","","469,530","","6,000",""
"02/1989","343,200","","384,194","","7,000",""
"03/1989","838,100","","2,241,821","","7,000",""
"04/1989","419,000","","903,010","","37,000",""
"05/1989","685,400","","455,212","","54,000",""
"06/1989","705,700","","287,878","","56,000",""
"07/1989","805,700","","228,630","","43,000",""
"08/1989","748,400","","223,365","","35,000",""
"09/1989","418,700","","263,580","","35,000",""
"10/1989","351,100","","413,788","","28,500",""
"11/1989","461,000","","261,772","","2,500",""
"12/1989","312,500","","249,897","","4,000",""
"01/1990","416,800","","679,843","","6,000",""
"02/1990","261,000","","370,228","","7,000",""
"03/1990","339,400","","616,022","","7,000",""
"04/1990","503,000","","326,535","","37,000",""
"05/1990","633,600","","662,798","","54,000",""
"06/1990","550,100","","477,337","","56,000",""
"07/1990","650,000","","257,138","","43,000",""
"08/1990","654,700","","214,577","","35,000",""
"09/1990","409,700","","207,783","","35,000",""
"10/1990","324,200","","241,481","","28,500",""
"11/1990","287,800","","244,491","","2,500",""
"12/1990","281,400","","224,861","","4,000",""
"01/1991","303,500","","246,854","","6,000",""
"02/1991","281,200","","269,129","","7,000",""
"03/1991","480,700","","980,911","","7,000",""
"04/1991","285,900","","516,123","","37,000",""
"05/1991","500,200","","438,702","","54,000",""
"06/1991","514,400","","262,704","","56,000",""
"07/1991","559,700","","208,332","","43,000",""
"08/1991","522,000","","188,515","","35,000",""
"09/1991","360,100","","190,687","","35,000",""
"10/1991","314,100","","237,538","","28,500",""
"11/1991","292,800","","225,669","","2,500",""
"12/1991","283,100","","269,301","","4,000",""
"01/1992","281,200","","336,326","","6,000",""
"02/1992","585,600","","1,268,209","","7,000",""
"03/1992","499,500","","921,338","","7,000",""
"04/1992","311,100","","634,544","","37,000",""
"05/1992","450,200","","353,299","","54,000",""
"06/1992","442,200","","264,763","","56,000",""
"07/1992","480,300","","243,916","","43,000",""
"08/1992","491,800","","190,353","","35,000",""
"09/1992","404,300","","212,167","","35,000",""
"10/1992","280,600","","258,728","","28,500",""
"11/1992","242,100","","243,844","","2,500",""
"12/1992","398,800","","650,446","","4,000",""
"01/1993","888,100","","1,572,793","","6,000",""
"02/1993","693,500","","1,410,430","","7,000",""
"03/1993","1,800,000","","2,166,980","","7,000",""
"04/1993","822,600","","1,339,100","","37,000",""
"05/1993","649,300","","914,371","","54,000",""
"06/1993","903,300","","807,767","","56,000",""
"07/1993","709,700","","318,500","","43,000",""
"08/1993","740,100","","259,772","","35,000",""
"09/1993","582,200","","248,712","","35,000",""
"10/1993","448,400","","310,899","","28,500",""
"11/1993","362,000","","255,647","","2,500",""
"12/1993","423,700","","447,301","","4,000",""
"01/1994","356,200","","458,246","","6,000",""
"02/1994","414,700","","653,019","","7,000",""
"03/1994","336,700","","536,988","","7,000",""
"04/1994","362,600","","381,567","","37,000",""
"05/1994","540,600","","374,154","","54,000",""
"06/1994","580,900","","244,315","","56,000",""
"07/1994","737,700","","185,258","","43,000",""
"08/1994","698,600","","158,753","","35,000",""
"09/1994","544,400","","219,611","","35,000",""
"10/1994","305,700","","229,223","","28,500",""
"11/1994","290,000","","267,206","","2,500",""
"12/1994","379,400","","396,355","","4,000",""
"01/1995","2,385,000","","3,866,599","","6,000",""
"02/1995","1,496,000","","1,430,896","","7,000",""
"03/1995","3,409,000","","3,904,187","","7,000",""
"04/1995","1,486,000","","1,744,310","","37,000",""
"05/1995","1,409,000","","1,512,746","","54,000",""
"06/1995","883,500","","693,104","","56,000",""
"07/1995","964,600","","415,670","","43,000",""
"08/1995","918,200","","332,533","","35,000",""
"09/1995","716,300","","353,932","","35,000",""
"10/1995","384,900","","307,099","","28,500",""
"11/1995","363,900","","273,843","","2,500",""
"12/1995","565,200","","785,567","","4,000",""
"01/1996","814,700","","1,046,364","","6,000",""
"02/1996","2,173,000","","2,277,104","","7,000",""
"03/1996","1,426,000","","1,527,288","","7,000",""
"04/1996","557,000","","966,658","","37,000",""
"05/1996","837,400","","1,053,115","","54,000",""
"06/1996","875,300","","481,277","","56,000",""
"07/1996","901,100","","306,759","","43,000",""
"08/1996","887,200","","283,992","","35,000",""
"09/1996","594,700","","281,504","","35,000",""
"10/1996","422,900","","330,225","","28,500",""
"11/1996","400,500","","494,850","","2,500",""
"12/1996","1,629,000","","2,298,714","","4,000",""
"01/1997","3,492,000","","3,075,056","","6,000",""
"02/1997","971,300","","1,031,514","","7,000",""
"03/1997","498,200","","707,694","","7,000",""
"04/1997","486,000","","621,425","","37,000",""
"05/1997","635,400","","463,764","","54,000",""
"06/1997","839,400","","359,261","","56,000",""
"07/1997","945,300","","275,689","","43,000",""
"08/1997","718,100","","275,848","","35,000",""
"09/1997","514,600","","296,370","","35,000",""
"10/1997","389,300","","375,154","","28,500",""
"11/1997","422,400","","613,585","","2,500",""
"12/1997","472,600","","666,985","","4,000",""
"01/1998","1,966,000","","2,620,556","","6,000",""
"02/1998","3,769,000","","3,960,470","","7,000",""
"03/1998","2,162,000","","2,099,626","","7,000",""
"04/1998","1,122,000","","1,541,142","","37,000",""
"05/1998","1,306,000","","1,650,221","","54,000",""
"06/1998","1,259,000","","1,321,962","","56,000",""
"07/1998","1,031,000","","562,137","","43,000",""
"08/1998","971,500","","383,762","","35,000",""
"09/1998","708,400","","380,635","","35,000",""
"10/1998","491,800","","425,749","","28,500",""
"11/1998","838,400","","768,217","","2,500",""
"12/1998","1,144,000","","941,706","","4,000",""
"01/1999","716,200","","953,285","","6,000",""
"02/1999","1,647,000","","1,741,161","","7,000",""
"03/1999","1,489,000","","1,589,839","","7,000",""
"04/1999","725,000","","1,112,923","","37,000",""
"05/1999","764,000","","799,475","","54,000",""
"06/1999","752,700","","512,502","","56,000",""
"07/1999","836,400","","354,344","","43,000",""
"08/1999","651,100","","320,766","","35,000",""
"09/1999","501,300","","335,226","","35,000",""
"10/1999","430,800","","372,649","","28,500",""
"11/1999","470,300","r","425,842","","2,500",""
"12/1999","494,500","","412,932","","4,000",""
"01/2000","759,000","","1,185,544","","6,000",""
"02/2000","2,370,000","","2,499,832","","7,000",""
"03/2000","1,957,000","","1,792,975","","7,000",""
"04/2000","649,800","","1,026,890","","37,000",""
"05/2000","769,600","","662,350","","54,000",""
"06/2000","801,700","","439,310","","56,000","r"
"07/2000","943,400","","305,372","","43,000",""
"08/2000","713,600","","298,500","","35,000",""
"09/2000","468,000","","346,858","","35,000",""
"10/2000","422,400","","375,393","","28,500",""
"11/2000","399,800","","336,506","","2,500",""
"12/2000","396,700","","407,725","","4,000",""
"01/2001","428,500","","532,932","","6,000",""
"02/2001","469,600","","923,725","","7,000",""
"03/2001","599,900","r","1,067,453","","7,000",""
"04/2001","470,100","r","584,818","","37,000",""
"05/2001","649,100","r","460,966","","54,000",""
"06/2001","838,200","r","316,156","","56,000",""
"07/2001","943,600","r","273,271","","43,000",""
"08/2001","706,400","r","272,576","","35,000",""
"09/2001","532,900","r","275,985","","35,000",""
"10/2001","417,400","r","292,641","","28,500",""
"11/2001","432,200","r","557,344","","2,500",""
"12/2001","805,700","r","1,507,254","","4,000",""
"01/2002","942,500","","1,476,951","","6,000",""
"02/2002","478,300","r","810,520","","7,000",""
"03/2002","523,600","","828,847","","7,000",""
"04/2002","443,100","","650,224","","37,000",""
"05/2002","652,300","","506,837","","54,000",""
"06/2002","805,900","r","330,520","","56,000",""
"07/2002","920,900","r","272,560","","43,000",""
"08/2002","700,400","r","270,312","","35,000",""
"09/2002","487,200","r","265,852","","35,000",""
"10/2002","471,300","r","271,152","","28,500",""
"11/2002","413,900","r","319,142","","2,500",""
"12/2002","1,005,000","r","1,898,745","","4,000",""
"01/2003","1,538,000","r","1,841,173","","6,000",""
"02/2003","757,900","","745,809","","7,000",""
"03/2003","545,950","","1,015,022","","7,000",""
"04/2003","744,846","","1,225,303","","37,000",""
"05/2003","1,377,000","r","1,248,877","","54,000",""
"06/2003","871,200","r","489,470","","56,000",""
"07/2003","897,900","","320,527","","43,000",""
"08/2003","676,300","","282,544","","35,000",""
"09/2003","484,413","","286,418","","35,000",""
"10/2003","450,200","r","285,946","","28,500",""
"11/2003","418,300","","349,713","","2,500",""
"12/2003","964,400","","1,206,298","","4,000",""
"01/2004","855,000","","1,098,714","","6,000",""
"02/2004","2,041,000","","2,304,241","","7,000",""
"03/2004","1,412,000","r","1,306,752","","7,000",""
"04/2004","625,585","","714,947","","37,000",""
"05/2004","675,700","","520,162","","54,000",""
"06/2004","892,600","","365,181","","56,000",""
"07/2004","953,500","","316,218","","43,000",""
"08/2004","685,300","","243,198","","35,000",""
"09/2004","534,400","","245,633","","35,000",""
"10/2004","508,000","r","348,174","r","28,500",""
"11/2004","359,800","","308,156","","2,500",""
"12/2004","587,400","r","882,506","r","4,000",""
"01/2005","547,100","r","970,287","r","6,000",""
"02/2005","410,900","r","751,806","r","7,000",""
"03/2005","580,503","","1,240,114","","7,000",""
"04/2005","440,192","","873,821","","37,000",""
"05/2005","1,389,000","","1,697,504","","54,000",""
"06/2005","841,800","","622,794","","56,000",""
"07/2005","931,500","r","362,270","r","43,000",""
"08/2005","690,700","","294,791","","35,000",""
"09/2005","547,400","","275,135","","28,500",""
"10/2005","518,000","r","299,213","","28,500",""
"11/2005","432,278","","392,426","","2,500",""
"12/2005","1,291,000","r","2,099,444","","4,000",""
"01/2006","2,488,000","r","2,254,624","","6,000",""
"02/2006","1,187,000","r","1,307,534","","7,000",""
"03/2006","2,251,000","r","2,203,577","","7,000",""
"04/2006","2,632,000","r","2,855,612","","37,000",""
"05/2006","1,015,000","r","1,281,795","","54,000",""
"06/2006","920,700","r","604,335","","56,000",""
"07/2006","906,100","r","375,698","","43,000",""
"08/2006","822,400","r","316,592","","35,000",""
"09/2006","600,800","r","312,639","","35,000",""
"10/2006","436,800","r","332,206","r","28,500",""
"11/2006","407,600","r","389,443","r","2,500",""
"12/2006","549,000","r","719,981","r","4,000",""
"01/2007","408,000","","428,428","r","6,000",""
"02/2007","510,327","","910,741","r","7,000",""
"03/2007","428,600","","674,729","","7,000",""
"04/2007","517,600","","441,016","","37,000",""
"05/2007","640,100","","364,597","","54,000",""
"06/2007","733,900","","263,523","","56,000",""
"07/2007","907,636","","242,031","","43,000",""
"08/2007","707,100","r","222,003","r","35,000",""
"09/2007","504,700","r","227,129","r","35,000",""
"10/2007","438,268","","325,741","","28,500",""
"11/2007","386,142","","261,136","","2,500",""
"12/2007","380,430","","427,234","","4,000",""
"01/2008","598,294","","996,824","","6,000",""
"02/2008","534,605","","1,003,059","","7,000",""
"03/2008","348,099","","701,745","","7,000",""
"04/2008","453,719","","454,821","","37,000",""
"05/2008","617,355","","523,213","","54,000",""
"06/2008","698,777","","297,651","","56,000",""
"07/2008","769,984","","224,908","","43,000",""
"08/2008","633,000","r","224,064","r","35,000",""
"09/2008","434,955","","190,519","","35,000",""
"10/2008","449,600","r","265,726","","28,500",""
"11/2008","328,700","r","316,846","","2,500",""
"12/2008","285,100","r","301,610","","4,000",""
"01/2009","266,800","r","318,090","","6,000",""
"02/2009","494,300","r","1,044,178","","7,000",""
"03/2009","462,900","r","1,391,670","","7,000",""
"04/2009","421,300","r","574,685","","37,000",""
"05/2009","654,300","r","828,668","","54,000",""
"06/2009","680,500","r","393,920","","56,000",""
"07/2009","805,300","r","292,678","","43,000",""
"08/2009","697,131","","262,410","","35,000",""
"09/2009","440,500","r","235,755","","35,000",""
"10/2009","408,800","r","365,544","","28,500",""
"11/2009","307,000","r","255,289","","2,500",""
"12/2009","272,200","r","373,330","","4,000",""
"01/2010","726,400","r","1,576,790","","6,000",""
"02/2010","584,500","r","1,356,293","","7,000",""
"03/2010","424,200","r","925,446","","7,000",""
"04/2010","534,200","r","1,112,492","","37,000",""
"05/2010","692,100","r","834,907","","54,000",""
"06/2010","819,000","r","679,112","","56,000",""
"07/2010","798,000","r","351,669","","43,000",""
"08/2010","656,900","r","283,951","","35,000",""
"09/2010","462,400","r","263,301","","35,000",""
"10/2010","421,100","r","311,290","","28,500",""
"11/2010","419,700","r","357,901","","2,500",""
"12/2010","1,078,000","r","1,346,217","","4,000",""
"01/2011","715,400","r","714,584","","6,000",""
"02/2011","400,600","r","705,592","","7,000",""
"03/2011","2,051,000","r","2,335,173","","7,000",""
"04/2011","1,106,000","r","1,367,977","","37,000",""
"05/2011","695,600","r","982,115","","54,000",""
"06/2011","907,300","r","809,996","","56,000",""
"07/2011","829,289","","422,837","","43,000",""
"08/2011","750,200","r","303,571","","35,000",""
"09/2011","614,900","r","279,362","","35,000",""
"10/2011","549,100","","351,711","","28,500",""
"11/2011","505,587","","341,020","","2,500",""
"12/2011","402,109","","311,410","","4,000",""
"01/2012","432,575","","446,288","","6,000",""
"02/2012","318,030","","350,105","","7,000",""
"03/2012","511,100","r","1,183,547","","7,000",""
"04/2012","504,615","","1,124,059","","37,000",""
"05/2012","636,500","r","551,114","","54,000",""
"06/2012","752,926","","343,538","","56,000",""
"07/2012","924,500","r","280,785","","43,000",""
"08/2012","779,900","r","254,435","","35,000",""
"09/2012","504,400","r","250,795","","35,000",""
"10/2012","433,700","r","267,271","","28,500",""
"11/2012","455,300","r","546,764","","2,500",""
"12/2012","873,300","r","1,601,331","","4,000",""
"01/2013","430,800","r","573,065","","6,000",""
"02/2013","326,698","","468,529","","7,000",""
"03/2013","374,300","r","540,346","","7,000",""
"04/2013","522,347","","565,843","","37,000",""
"05/2013","748,562","","334,679","","54,000",""
"06/2013","824,500","r","293,581","","56,000",""
"07/2013","879,700","r","234,975","","43,000",""
"08/2013","659,821","","231,822","","35,000",""
"09/2013","452,800","r","234,846","","35,000",""
"10/2013","439,600","r","240,935","","28,500",""
"11/2013","305,900","r","236,637","","2,500",""
"12/2013","273,878","","241,114","","4,000",""
"01/2014","242,519","","218,637","","6,000",""
"02/2014","298,100","r","420,719","","7,000",""
"03/2014","455,600","r","879,385","","7,000",""
"04/2014","312,400","r","527,948","","37,000",""
"05/2014","488,251","","293,994","","54,000",""
"06/2014","589,706","","238,196","","56,000",""
"07/2014","609,005","","215,244","","43,000",""
"08/2014","527,200","r","214,386","","35,000",""
"09/2014","378,724","","211,102","","35,000",""
"10/2014","350,638","","262,428","","28,500",""
"11/2014","338,737","","261,622","","2,500",""
"12/2014","871,100","r","1,691,803","","4,000",""
"01/2015","294,900","r","431,077","","6,000",""
"02/2015","443,200","r","1,065,323","","7,000",""
"03/2015","263,600","r","347,517","","7,000",""
"04/2015","295,300","r","307,448","","37,000",""
"05/2015","491,500","r","278,948","","54,000",""
"06/2015","449,800","r","249,270","","56,000",""
"07/2015","456,600","r","220,421","","43,000",""
"08/2015","451,100","r","198,143","","35,000",""
"09/2015","434,100","r","210,731","","35,000",""
"10/2015","425,900","r","219,374","","28,500",""
"11/2015","314,700","r","211,623","","2,500",""
"12/2015","420,774","","505,455","","4,000",""
"01/2016","913,250","","1,836,551","","6,000",""
"02/2016","381,917","","804,249","","7,000",""
"03/2016","1,126,711","","2,422,635","","7,000",""
"04/2016","433,289","","687,651","","37,000",""
"05/2016","477,800","r","469,376","","54,000",""
"06/2016","559,200","r","354,897","","56,000",""
"07/2016","651,600","r","265,274","","43,000",""
"08/2016","656,900","r","237,052","","35,000",""
"09/2016","552,900","r","240,582","","35,000",""
"10/2016","478,000","r","433,457","","28,500",""
"11/2016","464,900","r","598,880","","2,500",""
"12/2016","809,600","r","1,234,528","","4,000",""
"01/2017","2,257,000","r","2,470,535","","6,000",""
"02/2017","3,623,000","r","3,870,962","","7,000",""
"03/2017","1,655,000","r","1,854,215","","7,000",""
"04/2017","1,503,000","r","1,780,201","","37,000",""
"05/2017","865,200","r","888,124","","54,000",""
"06/2017","721,200","r","537,677","","56,000",""
"07/2017","695,600","r","384,319","","43,000",""
"08/2017","673,900","r","321,513","","35,000",""
"09/2017","569,800","r","298,928","","35,000",""
"10/2017","526,850","","303,977","","28,500",""
"11/2017","425,400","r","460,096","r","2,500",""
"12/2017","361,000","r","333,162","r","4,000",""
"01/2018","369,800","r","507,806","r","6,000",""
"02/2018","275,500","r","337,424","r","7,000",""
"03/2018","383,821","","848,124","","7,000",""
"04/2018","462,900","r","811,718","r","37,000",""
"05/2018","631,500","r","446,586","r","54,000",""
"06/2018","678,700","r","343,833","r","56,000",""
"07/2018","800,331","","271,738","r","43,000",""
"08/2018","687,312","","250,819","r","35,000",""
"09/2018","522,499","","251,385","r","35,000",""
"10/2018","480,483","","269,780","","28,500",""
"11/2018","343,721","","305,866","","2,500",""
"12/2018","393,566","","469,727","","4,000",""
"01/2019","678,357","","1,325,658","","6,000",""
"02/2019","967,214","","2,044,621","","7,000",""
"03/2019","2,276,463","","2,324,871","","7,000",""
"04/2019","1,653,346","","1,901,438","","37,000",""
"05/2019","700,850","","1,006,684","","54,000",""
"06/2019","770,986","","595,013","","56,000",""
"07/2019","731,912","","381,258","","43,000",""
"08/2019","705,333","","312,697","","35,000",""
"09/2019","532,153","","303,058","","35,000",""
"10/2019","492,662","r","280,985","r","28,500",""
"11/2019","395,391","r","307,448","r","2,500",""
"12/2019","502,778","r","617,973","","4,000",""
"01/2020","495,657","r","646,929","","6,000",""
"02/2020","376,369","r","446,113","","7,000",""
"03/2020","425,362","r","422,466","r","7,000",""
"04/2020","496,668","r","546,533","","37,000",""
"05/2020","674,767","r","490,228","","54,000",""
"06/2020","744,209","r","332,754","","56,000",""
"07/2020","788,243","r","274,966","","43,000",""
"08/2020","636,386","r","249,503","r","35,000",""
"09/2020","466,718","r","249,137","r","35,000","r"
"10/2020","403,246","r","258,687","","28,500","r"
"11/2020","326,504","r","251,880","","2,500",""
"12/2020","272,176","r","264,430","","4,000",""
"01/2021","293,994","r","383,060","","6,000",""
"02/2021","305,499","r","453,821","","7,000",""
"03/2021","325,968","r","441,440","","7,000",""
"04/2021","407,252","r","334,454","","37,000",""
"05/2021","565,397","r","293,965","","54,000",""
"06/2021","483,914","r","246,730","","56,000",""
"07/2021","605,384","r","236,025","","43,000",""
"08/2021","526,104","r","226,735","","35,000",""
"09/2021","416,793","r","227,002","","35,000",""
"10/2021","504,007","r","382,001","","28,500",""
"11/2021","319,145","r","418,904","","2,500",""
"12/2021","429,368","r","637,913","","4,000",""
"01/2022","354,947","r","647,810","","6,000",""
"02/2022","246,767","r","317,897","","7,000",""
"03/2022","263,825","r","307,758","","7,000",""
"04/2022","275,409","r","375,889","","37,000",""
"05/2022","272,711","r","329,322","","54,000",""
"06/2022","275,845","r","277,022","","56,000",""
"07/2022","292,487","r","224,287","","43,000",""
"08/2022","281,240","r","208,009","","35,000",""
"09/2022","252,718","r","207,376","","27,800",""
"10/2022","267,177","","163,474","","8,730",""
"11/2022","239,686","","212,279","","-810",""
"12/2022","399,814","","521,474","","-1,270",""
"01/2023","1,033,225","","2,075,963","","620",""
"02/2023","319,413","","498,695","","-500",""
"03/2023","1,021,800","","2,064,110","","360",""
"04/2023","583,109","","1,273,119","","16,080",""
"05/2023","925,699","","996,540","","35,010",""
"06/2023","648,604","","504,096","","32,890",""
"07/2023","678,357","","311,514","","32,920",""
"08/2023","620,221","","269,082","","32,090",""
"09/2023","466,509","","255,271","","27,800",""
"10/2023","456,483","","245,807","","8,730",""
"11/2023","383,173","","288,950","","-810",""
"12/2023","463,822","","490,938","","-1,270",""
"01/2024","--","","--","","--",""