"DATE","STORAGE AF","","RAIN INCHES","","LK EVAP AF",""
"10/1960","2,627,600","","0.53","","6,080",""
"11/1960","2,662,300","","8.29","","2,740",""
"12/1960","3,082,300","","13.04","","3,100",""
"01/1961","3,247,100","","8.70","","2,380",""
"02/1961","3,552,200","","6.51","","3,110",""
"03/1961","3,597,300","","8.51","","3,980",""
"04/1961","3,714,300","","0.98","","9,420",""
"05/1961","3,741,900","","3.32","","8,610",""
"06/1961","3,500,000","","1.00","","14,420",""
"07/1961","3,026,200","","0.21","","18,070",""
"08/1961","2,565,200","","0.05","","12,570",""
"09/1961","2,333,000","","0.38","","9,750",""
"10/1961","2,213,400","","1.25","","6,080",""
"11/1961","2,254,300","","11.49","","3,180",""
"12/1961","2,576,400","","9.48","","1,830",""
"01/1962","2,716,700","","4.35","","3,220",""
"02/1962","3,621,200","","20.77","","2,020",""
"03/1962","3,994,300","","9.11","","4,150",""
"04/1962","4,320,100","","0.82","","10,860",""
"05/1962","4,292,700","","0.41","","11,080",""
"06/1962","4,026,100","","0.07","","18,050",""
"07/1962","3,597,600","","0.00","","19,830",""
"08/1962","3,143,000","","1.19","","13,690",""
"09/1962","2,908,000","","1.52","","10,980",""
"10/1962","3,193,300","","10.92","","5,340",""
"11/1962","3,189,000","","3.62","","3,410",""
"12/1962","3,262,900","","6.82","","3,170",""
"01/1963","3,191,600","","4.00","","3,390",""
"02/1963","3,437,600","","6.97","","2,240",""
"03/1963","3,838,200","","9.20","","4,700",""
"04/1963","4,404,700","","13.99","","5,090",""
"05/1963","4,498,700","","1.97","","9,120",""
"06/1963","4,337,500","","0.23","","15,530",""
"07/1963","3,985,800","","0.00","","17,180",""
"08/1963","3,589,400","","0.01","","14,380",""
"09/1963","3,242,000","","0.18","","10,070",""
"10/1963","3,111,000","","3.82","","4,940",""
"11/1963","3,208,200","","16.43","","2,510",""
"12/1963","2,989,400","","1.63","","1,630",""
"01/1964","3,206,300","","8.78","","1,850",""
"02/1964","3,161,000","","0.17","","5,370",""
"03/1964","3,276,100","","2.99","","4,880",""
"04/1964","3,301,400","","0.34","","8,690",""
"05/1964","3,221,100","","1.00","","9,270",""
"06/1964","3,123,400","","1.41","","10,260",""
"07/1964","2,749,200","","0.10","","13,620",""
"08/1964","2,389,000","","0.00","","12,680",""
"09/1964","2,202,200","","0.27","","8,200",""
"10/1964","2,186,500","","4.41","","6,020",""
"11/1964","2,350,800","","14.67","","1,660",""
"12/1964","3,254,700","","30.49","","2,060",""
"01/1965","3,249,000","","9.56","","2,600",""
"02/1965","3,270,800","","1.29","","3,810",""
"03/1965","3,561,400","","1.06","","5,850",""
"04/1965","4,422,800","","13.20","","5,280",""
"05/1965","4,488,900","","0.31","","13,680",""
"06/1965","4,406,800","","0.14","","13,630",""
"07/1965","4,122,100","","0.00","","18,660",""
"08/1965","3,815,600","","1.42","","13,190",""
"09/1965","3,612,400","","0.00","","11,370",""
"10/1965","3,424,000","","0.10","","8,830",""
"11/1965","3,510,800","","22.08","","1,890",""
"12/1965","3,194,200","","2.38","","1,800",""
"01/1966","3,155,600","","13.69","","2,380",""
"02/1966","3,483,900","","9.01","","2,480",""
"03/1966","4,089,500","","3.81","","5,340",""
"04/1966","4,460,600","","1.87","","10,430",""
"05/1966","4,472,100","","0.00","","14,290",""
"06/1966","4,236,500","","0.07","","14,500",""
"07/1966","3,789,700","","0.00","","16,560",""
"08/1966","3,396,900","","0.20","","15,900",""
"09/1966","3,262,900","","0.37","","10,840",""
"10/1966","3,150,500","","0.00","","8,530",""
"11/1966","3,337,700","","16.44","","3,090",""
"12/1966","3,163,100","","12.07","","1,630",""
"01/1967","3,511,300","","14.94","","2,170",""
"02/1967","3,350,600","","1.06","","4,010",""
"03/1967","4,099,200","","11.25","","3,640",""
"04/1967","4,467,100","","10.22","","1,900",""
"05/1967","4,523,500","","1.30","","12,810",""
"06/1967","4,443,900","","2.22","","12,370",""
"07/1967","4,120,200","","0.02","","16,340",""
"08/1967","3,765,000","","0.00","","16,500",""
"09/1967","3,505,800","","0.05","","12,740",""
"10/1967","3,329,200","","1.23","","7,400",""
"11/1967","3,237,300","","3.88","","3,720",""
"12/1967","3,167,800","","6.55","","3,130",""
"01/1968","3,246,100","","10.36","","2,550",""
"02/1968","3,536,500","","11.48","","2,980",""
"03/1968","3,797,900","","5.93","","4,530",""
"04/1968","3,889,300","","0.43","","9,480",""
"05/1968","3,908,700","","2.82","","10,540",""
"06/1968","3,713,800","","0.50","","14,360",""
"07/1968","3,307,400","","0.00","","14,920",""
"08/1968","2,957,900","","2.64","","9,700",""
"09/1968","2,669,800","","0.11","","9,370",""
"10/1968","2,515,100","","4.18","","5,240",""
"11/1968","2,472,900","","5.36","","2,040",""
"12/1968","2,732,400","","16.40","","1,460",""
"01/1969","3,205,900","","24.18","","1,380",""
"02/1969","3,197,300","","18.56","","1,190",""
"03/1969","3,666,600","","3.92","","5,010",""
"04/1969","4,393,700","","4.70","","7,100",""
"05/1969","4,486,800","","0.04","","13,890",""
"06/1969","4,275,400","","0.67","","12,000",""
"07/1969","3,978,100","","0.00","","18,160",""
"08/1969","3,645,900","","0.00","","16,660",""
"09/1969","3,527,900","","0.06","","11,020",""
"10/1969","3,366,900","","1.68","","6,120",""
"11/1969","3,228,000","","2.10","","5,210",""
"12/1969","3,262,900","","22.31","","2,070",""
"01/1970","--","","34.13","","1,670",""
"02/1970","3,408,700","","3.60","","3,430",""
"03/1970","3,980,600","","4.04","","5,950",""
"04/1970","4,100,100","","0.20","","8,240",""
"05/1970","4,106,800","","0.26","","12,000",""
"06/1970","3,948,500","","2.01","","13,300",""
"07/1970","3,728,200","","0.00","","17,440",""
"08/1970","3,571,600","","0.00","","15,910",""
"09/1970","3,440,000","","0.02","","12,090",""
"10/1970","3,393,400","","3.80","","7,230",""
"11/1970","3,494,700","","25.72","","2,790",""
"12/1970","3,202,300","","16.49","","1,270",""
"01/1971","3,343,000","","8.17","","2,120",""
"02/1971","3,439,600","","0.22","","3,460",""
"03/1971","4,269,400","","10.66","","4,260",""
"04/1971","4,493,300","","1.51","","7,140",""
"05/1971","4,505,800","","2.84","","8,910",""
"06/1971","4,394,600","","0.80","","11,500",""
"07/1971","4,070,300","","0.03","","16,240",""
"08/1971","3,580,200","","0.15","","14,630",""
"09/1971","3,274,900","","0.98","","11,560",""
"10/1971","3,230,800","","0.79","","6,360",""
"11/1971","3,216,800","","7.63","","2,640",""
"12/1971","3,205,600","","7.02","","1,730",""
"01/1972","3,404,200","","6.86","","2,470",""
"02/1972","3,616,000","","3.66","","2,210",""
"03/1972","4,076,200","","5.36","","4,920",""
"04/1972","4,363,200","","6.32","","6,860",""
"05/1972","4,220,300","","2.58","","10,380",""
"06/1972","3,930,600","","1.56","","12,010",""
"07/1972","3,576,400","","0.00","","14,970",""
"08/1972","3,321,000","","0.08","","13,150",""
"09/1972","3,266,500","","1.42","","8,970",""
"10/1972","3,279,900","","6.28","","5,360",""
"11/1972","3,237,000","","13.32","","2,120",""
"12/1972","3,300,400","","6.58","","1,010",""
"01/1973","3,285,700","","18.96","","1,550",""
"02/1973","3,494,000","","13.88","","2,370",""
"03/1973","3,985,500","","8.41","","4,380",""
"04/1973","4,297,600","","0.02","","8,580",""
"05/1973","4,365,200","","0.86","","12,430",""
"06/1973","4,174,100","","0.21","","13,900",""
"07/1973","3,813,000","","0.16","","15,770",""
"08/1973","3,500,000","","0.00","","13,480",""
"09/1973","3,316,600","","1.37","","9,120",""
"10/1973","3,240,800","","5.05","","5,070",""
"11/1973","3,625,800","","27.67","","1,320",""
"12/1973","3,379,900","","11.70","","1,570",""
"01/1974","3,613,200","","15.96","","1,750",""
"02/1974","3,620,200","","4.56","","2,920",""
"03/1974","4,503,400","","19.02","","3,050",""
"04/1974","4,395,400","","5.83","","6,760",""
"05/1974","4,542,600","","0.46","","11,750",""
"06/1974","4,400,100","","0.57","","14,750",""
"07/1974","4,190,800","","4.03","","14,560",""
"08/1974","3,854,800","","0.25","","15,270",""
"09/1974","3,658,300","","0.00","","13,310",""
"10/1974","3,555,400","","2.51","","8,160",""
"11/1974","3,339,100","","2.82","","3,210",""
"12/1974","3,204,400","","9.24","","1,840",""
"01/1975","3,218,000","","3.13","","2,760",""
"02/1975","3,574,400","","16.62","","2,370",""
"03/1975","4,046,000","","23.16","","3,940",""
"04/1975","4,579,100","","3.95","","7,040",""
"05/1975","4,536,600","","0.00","","15,610",""
"06/1975","4,402,400","","0.31","","17,500",""
"07/1975","4,085,900","","0.57","","18,050",""
"08/1975","3,726,900","","0.47","","16,420",""
"09/1975","3,569,500","","0.00","","13,870",""
"10/1975","3,474,700","","7.83","","5,560",""
"11/1975","3,329,700","","2.15","","3,270",""
"12/1975","3,036,900","","4.18","","2,420",""
"01/1976","2,990,800","","0.74","","2,960",""
"02/1976","3,035,800","","9.15","","2,250",""
"03/1976","3,170,200","","3.14","","5,270",""
"04/1976","3,013,700","","5.72","","6,380",""
"05/1976","2,568,100","","0.03","","12,260",""
"06/1976","2,130,500","","0.00","","11,300",""
"07/1976","1,653,800","","0.00","","11,440",""
"08/1976","1,310,000","","5.47","","6,110",""
"09/1976","1,295,400","","1.71","","5,170",""
"10/1976","1,492,600","","0.07","","4,160",""
"11/1976","1,562,000","","1.56","","2,440",""
"12/1976","1,599,100","","0.40","","2,230",""
"01/1977","1,533,000","","3.31","","1,720",""
"02/1977","1,485,600","","2.48","","2,330",""
"03/1977","1,460,700","","2.96","","3,100",""
"04/1977","1,214,100","","1.26","","5,270",""
"05/1977","1,127,100","","5.20","","3,610",""
"06/1977","937,700","","0.03","","6,420",""
"07/1977","680,500","","0.01","","7,140",""
"08/1977","578,000","","0.27","","4,970",""
"09/1977","630,600","","8.89","","2,930",""
"10/1977","656,000","","1.89","","1,960",""
"11/1977","648,200","","4.77","","780",""
"12/1977","1,172,300","","13.38","","810",""
"01/1978","2,979,700","","32.67","","1,560",""
"02/1978","3,614,000","","10.04","","2,330",""
"03/1978","3,982,200","","15.59","","5,110",""
"04/1978","4,431,900","","10.63","","6,760",""
"05/1978","4,477,700","","0.20","","15,710",""
"06/1978","4,290,400","","0.25","","17,660",""
"07/1978","3,906,500","","0.04","","18,660",""
"08/1978","3,498,500","","0.01","","16,080",""
"09/1978","3,427,900","","5.00","","9,310",""
"10/1978","3,332,100","","0.00","","9,230",""
"11/1978","3,310,800","","2.95","","4,540",""
"12/1978","3,335,700","","0.38","","2,690",""
"01/1979","3,338,700","","14.78","","2,490",""
"02/1979","3,682,200","","13.84","","1,710",""
"03/1979","4,137,800","","7.29","","4,620",""
"04/1979","4,264,000","","4.15","","7,010",""
"05/1979","4,336,600","","2.24","","13,950",""
"06/1979","3,965,100","","0.00","","17,100",""
"07/1979","3,450,500","","0.02","","17,140",""
"08/1979","3,200,600","","0.79","","13,700",""
"09/1979","3,141,300","","0.42","","11,690",""
"10/1979","3,212,000","","7.99","","4,760",""
"11/1979","3,317,800","","7.76","","2,800",""
"12/1979","3,380,900","","7.71","","2,510",""
"01/1980","3,605,500","","6.62","","2,790",""
"02/1980","3,792,600","","22.51","","2,170",""
"03/1980","3,869,700","","6.03","","4,660",""
"04/1980","4,153,800","","4.82","","8,670",""
"05/1980","4,173,800","","1.84","","12,000",""
"06/1980","3,919,500","","1.69","","12,860",""
"07/1980","3,555,500","","0.00","","16,680",""
"08/1980","3,322,900","","0.00","","15,820",""
"09/1980","3,320,700","","1.44","","9,210",""
"10/1980","3,256,900","","1.60","","7,750",""
"11/1980","3,202,500","","0.96","","3,430",""
"12/1980","3,190,700","","15.47","","2,750",""
"01/1981","3,453,500","","15.05","","1,400",""
"02/1981","3,865,200","","7.85","","2,970",""
"03/1981","4,320,700","","10.34","","4,690",""
"04/1981","4,295,900","","2.98","","9,250",""
"05/1981","3,994,300","","4.07","","11,500",""
"06/1981","3,608,600","","0.00","","15,370",""
"07/1981","3,033,000","","0.11","","16,960",""
"08/1981","2,547,600","","0.00","","13,410",""
"09/1981","2,480,200","","1.20","","8,650",""
"10/1981","2,560,200","","6.55","","4,410",""
"11/1981","3,336,700","","21.39","","2,680",""
"12/1981","3,492,000","","15.08","","1,580",""
"01/1982","3,556,300","","8.81","","3,010",""
"02/1982","3,633,500","","9.65","","3,340",""
"03/1982","4,062,000","","10.60","","3,800",""
"04/1982","4,472,700","","11.52","","6,480",""
"05/1982","4,507,500","","0.00","","14,930",""
"06/1982","4,375,400","","2.31","","13,100",""
"07/1982","4,071,200","","0.59","","16,250",""
"08/1982","3,692,400","","0.33","","15,540",""
"09/1982","3,486,400","","0.92","","9,630",""
"10/1982","3,433,400","","5.96","","5,820",""
"11/1982","3,297,100","","8.67","","2,550",""
"12/1982","3,255,000","","15.53","","2,870",""
"01/1983","3,740,300","","17.35","","1,630",""
"02/1983","3,579,400","","20.70","","2,030",""
"03/1983","3,725,100","","34.55","","2,060",""
"04/1983","4,286,100","","6.89","","5,550",""
"05/1983","4,526,800","","2.44","","9,790",""
"06/1983","4,471,200","","0.24","","15,010",""
"07/1983","4,169,900","","0.25","","16,000",""
"08/1983","3,776,200","","1.58","","14,220",""
"09/1983","3,616,800","","2.47","","10,220",""
"10/1983","3,458,000","","3.26","","6,230",""
"11/1983","3,395,400","","17.09","","2,860",""
"12/1983","3,457,500","","23.66","","1,170",""
"01/1984","3,405,200","","0.58","","3,450",""
"02/1984","3,789,900","","4.68","","3,100",""
"03/1984","4,133,600","","5.99","","4,230",""
"04/1984","4,342,700","","2.59","","71,080","N"
"05/1984","4,294,400","","1.22","","12,680",""
"06/1984","4,070,000","","1.02","","14,590",""
"07/1984","3,587,400","","0.00","","19,150",""
"08/1984","3,305,500","","0.58","","14,750",""
"09/1984","3,240,100","","0.19","","11,210",""
"10/1984","3,155,400","","2.74","","4,070",""
"11/1984","3,252,300","","20.37","","2,000",""
"12/1984","3,105,500","","3.02","","1,680",""
"01/1985","3,118,200","","1.21","","2,430",""
"02/1985","3,240,400","","3.18","","3,670",""
"03/1985","3,445,500","","4.34","","4,210",""
"04/1985","3,546,900","","0.67","","8,600",""
"05/1985","3,225,400","","0.25","","10,950",""
"06/1985","2,856,300","","2.14","","13,290",""
"07/1985","2,292,100","","1.09","","13,790",""
"08/1985","1,929,200","","0.25","","9,910",""
"09/1985","1,977,800","","6.38","","4,810",""
"10/1985","2,083,100","","4.05","","4,370",""
"11/1985","2,173,900","","4.79","","1,770",""
"12/1985","2,422,100","","6.57","","1,570",""
"01/1986","2,973,900","","14.93","","1,290",""
"02/1986","3,811,900","","24.09","","1,770",""
"03/1986","3,703,300","","12.89","","4,290",""
"04/1986","4,084,800","","1.76","","7,940",""
"05/1986","4,083,700","","4.95","","10,070",""
"06/1986","3,801,900","","0.00","","14,530",""
"07/1986","3,498,000","","0.00","","17,760",""
"08/1986","3,255,400","","0.00","","15,630",""
"09/1986","3,211,300","","4.60","","7,100",""
"10/1986","3,162,426","","1.43","","5,190",""
"11/1986","3,068,290","","0.35","","3,700",""
"12/1986","2,973,198","","3.53","","1,780",""
"01/1987","3,045,350","","9.17","","1,490",""
"02/1987","3,408,163","","8.99","","2,420",""
"03/1987","4,182,034","","13.32","","4,110",""
"04/1987","4,035,750","","0.22","","10,680",""
"05/1987","3,673,649","","1.90","","11,960",""
"06/1987","3,151,636","","0.08","","12,920",""
"07/1987","2,619,930","","0.21","","14,550",""
"08/1987","2,110,704","","0.00","","13,100",""
"09/1987","2,108,216","","0.00","","8,220",""
"10/1987","2,230,534","","0.47","","5,670",""
"11/1987","2,339,705","","3.83","","1,800",""
"12/1987","2,915,081","","17.90","","1,930",""
"01/1988","3,401,029","","11.12","","3,360",""
"02/1988","3,582,502","","0.10","","6,180",""
"03/1988","3,576,100","","0.34","","7,720",""
"04/1988","3,232,964","","4.52","","6,630",""
"05/1988","2,965,098","","5.96","","9,200",""
"06/1988","2,590,070","","1.61","","10,900",""
"07/1988","2,032,300","","0.25","","14,060",""
"08/1988","1,654,011","","0.00","","10,450",""
"09/1988","1,585,923","","0.00","","8,230",""
"10/1988","1,631,499","","0.70","","5,190",""
"11/1988","1,822,868","","17.16","","1,210",""
"12/1988","1,774,106","","6.39","","1,820",""
"01/1989","1,878,483","","2.34","","1,640",""
"02/1989","1,896,342","","1.30","","1,200",""
"03/1989","3,288,857","","14.87","","2,880",""
"04/1989","3,742,643","","2.13","","8,050",""
"05/1989","3,453,492","","1.31","","10,920",""
"06/1989","2,988,975","","0.13","","13,590",""
"07/1989","2,530,617","","0.00","","15,570",""
"08/1989","2,110,882","","0.15","","12,120",""
"09/1989","2,095,977","","5.17","","7,070",""
"10/1989","2,282,688","","6.06","","4,190",""
"11/1989","2,103,242","","1.35","","3,480",""
"12/1989","2,053,637","","0.00","","2,600",""
"01/1990","2,316,671","","10.63","","1,520",""
"02/1990","2,428,734","","3.33","","1,890",""
"03/1990","2,709,100","","3.01","","4,520",""
"04/1990","2,484,182","","1.93","","7,250",""
"05/1990","2,476,623","","12.76","","8,790",""
"06/1990","2,357,900","","0.18","","11,740",""
"07/1990","2,060,968","","0.01","","12,920",""
"08/1990","1,692,910","","1.10","","9,620",""
"09/1990","1,637,368","","0.53","","7,070",""
"10/1990","1,679,211","","1.99","","5,360",""
"11/1990","1,681,100","","0.65","","2,270",""
"12/1990","1,625,779","","0.77","","850",""
"01/1991","1,563,761","","1.49","","1,560",""
"02/1991","1,542,838","","3.76","","2,210",""
"03/1991","2,020,535","","22.26","","1,660",""
"04/1991","2,202,204","","1.78","","4,500",""
"05/1991","2,086,967","","1.73","","7,360",""
"06/1991","1,828,675","","1.72","","9,740",""
"07/1991","1,533,742","","0.01","","10,910",""
"08/1991","1,325,418","","0.00","","8,550",""
"09/1991","1,339,851","","0.00","","7,340",""
"10/1991","1,386,373","","2.44","","5,590",""
"11/1991","1,319,540","","1.58","","1,740",""
"12/1991","1,301,903","","5.66","","1,220",""
"01/1992","1,342,876","","4.33","","900",""
"02/1992","1,966,077","","19.72","","1,530",""
"03/1992","2,388,399","","10.04","","2,720",""
"04/1992","2,671,050","","5.70","","6,080",""
"05/1992","2,586,447","","0.06","","12,090",""
"06/1992","2,411,148","","6.78","","10,990",""
"07/1992","2,190,862","","0.14","","11,650",""
"08/1992","1,884,925","","0.00","","11,300",""
"09/1992","1,683,200","","0.00","","7,890",""
"10/1992","1,699,550","","6.73","","4,390",""
"11/1992","1,827,059","","3.04","","2,040",""
"12/1992","2,088,734","","16.43","","1,150",""
"01/1993","2,765,045","","14.96","","1,220",""
"02/1993","3,459,209","","10.09","","2,020",""
"03/1993","3,791,527","","13.63","","3,720",""
"04/1993","4,263,394","","4.95","","4,920",""
"05/1993","4,470,933","","6.33","","10,190",""
"06/1993","4,320,944","","2.48","","14,470",""
"07/1993","3,909,772","","0.00","","18,680",""
"08/1993","3,432,134","","0.02","","15,750",""
"09/1993","3,101,762","","0.00","","11,670",""
"10/1993","2,957,021","","1.73","","5,600",""
"11/1993","2,920,194","","1.69","","4,580",""
"12/1993","2,961,948","","11.35","","1,680",""
"01/1994","3,058,411","","7.66","","2,200",""
"02/1994","3,298,496","","7.10","","1,960",""
"03/1994","3,495,467","","0.57","","5,690",""
"04/1994","3,533,731","","4.80","","7,380",""
"05/1994","3,460,455","","1.48","","9,800",""
"06/1994","3,265,268","","1.67","","13,530",""
"07/1994","2,849,680","","0.00","","17,920",""
"08/1994","2,449,350","","0.00","","14,280",""
"09/1994","2,101,642","","0.11","","8,580",""
"10/1994","2,024,178","","0.07","","5,390",""
"11/1994","2,020,535","","6.35","","1,280",""
"12/1994","2,042,641","","6.25","","800",""
"01/1995","3,519,356","","38.21","","550",""
"02/1995","3,448,519","","2.66","","2,840",""
"03/1995","3,927,860","","28.87","","4,260",""
"04/1995","4,165,106","","7.73","","6,530",""
"05/1995","4,296,429","","3.45","","9,240",""
"06/1995","4,237,107","","3.60","","13,920",""
"07/1995","3,836,077","","0.00","","16,870",""
"08/1995","3,390,702","","0.00","","16,990",""
"09/1995","3,136,430","","0.00","","11,550",""
"10/1995","3,104,548","","0.00","","8,770",""
"11/1995","3,040,780","","0.27","","3,200",""
"12/1995","3,267,676","","19.93","","1,230",""
"01/1996","3,519,356","","10.38","","800",""
"02/1996","3,694,201","","20.68","","2,590",""
"03/1996","3,882,865","","3.55","","6,670",""
"04/1996","4,307,671","","4.55","","7,570",""
"05/1996","4,512,578","","6.82","","14,890",""
"06/1996","4,194,201","","0.22","","17,400",""
"07/1996","3,747,388","","0.00","","20,650",""
"08/1996","3,289,338","","0.00","","17,660",""
"09/1996","3,088,810","","0.81","","11,400",""
"10/1996","3,072,426","","3.41","","6,440",""
"11/1996","3,187,863","","11.71","","3,000",""
"12/1996","3,840,610","","27.82","","2,430",""
"01/1997","3,475,932","","16.73","","1,270",""
"02/1997","3,574,861","","1.22","","3,890",""
"03/1997","3,799,737","","3.06","","6,520",""
"04/1997","3,937,079","","2.81","","7,820",""
"05/1997","3,832,627","","0.38","","13,120",""
"06/1997","3,470,691","","4.37","","15,040",""
"07/1997","2,944,938","","0.27","","16,890",""
"08/1997","2,554,757","","1.10","","12,340",""
"09/1997","2,308,339","","1.73","","8,960",""
"10/1997","2,317,049","","1.83","","4,010",""
"11/1997","2,535,041","","14.51","","1,370",""
"12/1997","2,734,108","","4.80","","2,030",""
"01/1998","3,390,210","","23.20","","620",""
"02/1998","3,567,220","","34.77","","4,200",""
"03/1998","3,552,990","","13.64","","4,050",""
"04/1998","4,061,175","","4.64","","5,790",""
"05/1998","4,453,590","","9.16","","6,050",""
"06/1998","4,482,133","","1.23","","12,780",""
"07/1998","4,147,365","","0.08","","20,060",""
"08/1998","3,705,166","","0.00","","17,990",""
"09/1998","3,441,073","","0.20","","11,100",""
"10/1998","3,403,984","","1.48","","7,570",""
"11/1998","3,435,606","","13.12","","2,990",""
"12/1998","3,269,602","","5.00","","2,220",""
"01/1999","3,588,122","","8.36","","2,940",""
"02/1999","3,712,733","","14.02","","1,730",""
"03/1999","3,863,036","","7.87","","3,610",""
"04/1999","4,256,240","","3.04","","10,190",""
"05/1999","4,304,500","","0.42","","14,600",""
"06/1999","4,116,822","","0.60","","16,520",""
"07/1999","3,716,927","","0.00","","18,980",""
"08/1999","3,437,843","","0.08","","13,910",""
"09/1999","3,327,499","","0.00","","11,990",""
"10/1999","3,275,136","","1.98","","7,570",""
"11/1999","3,268,397","","7.14","","2,220",""
"12/1999","3,227,485","r","1.85","","3,279",""
"01/2000","3,697,073","","14.86","","1,704",""
"02/2000","3,857,423","r","26.69","","5,363",""
"03/2000","3,751,868","","6.97","","5,808",""
"04/2000","4,153,279","","5.40","","--",""
"05/2000","4,111,519","r","3.50","","12,581",""
"06/2000","3,825,179","","1.15","","18,562",""
"07/2000","3,321,200","","0.01","","16,477",""
"08/2000","3,043,522","r","0.00","","15,684",""
"09/2000","2,985,131","r","3.62","","8,950",""
"10/2000","2,941,357","r","4.26","","5,429",""
"11/2000","2,885,680","r","1.25","","2,440",""
"12/2000","2,910,875","r","3.49","","2,450",""
"01/2001","3,035,294","","8.79","","2,942",""
"02/2001","3,495,969","","15.20","","2,164",""
"03/2001","3,955,799","","4.59","","6,417",""
"04/2001","4,020,071","","2.55","","8,351",""
"05/2001","3,782,524","","0.29","","16,949",""
"06/2001","3,283,078","","2.36","","15,541",""
"07/2001","2,716,074","","0.04","","15,543",""
"08/2001","2,389,562","","0.00","","13,375",""
"09/2001","2,199,643","","0.95","","9,223",""
"10/2001","2,167,051","","2.87","","6,637",""
"11/2001","2,284,384","","18.63","","333",""
"12/2001","2,986,262","","20.05","","532",""
"01/2002","3,516,585","","6.10","","956",""
"02/2002","3,839,544","","5.21","","4,078",""
"03/2002","4,136,151","","4.71","","6,300",""
"04/2002","4,296,717","","1.78","","8,848",""
"05/2002","4,121,856","","2.67","","13,781",""
"06/2002","3,678,844","","0.28","","17,982",""
"07/2002","3,102,924","","0.00","","18,714",""
"08/2002","2,758,417","","0.00","","13,841",""
"09/2002","2,558,201","","0.00","","11,346",""
"10/2002","2,414,071","","0.00","","7,075",""
"11/2002","2,334,938","","5.22","","4,225",""
"12/2002","3,223,197","","37.82","r","1,730",""
"01/2003","3,536,772","","6.79","r","2,033",""
"02/2003","3,584,283","","2.99","r","2,870",""
"03/2003","4,103,708","","7.37","","4,681",""
"04/2003","4,536,624","","12.02","r","5,451",""
"05/2003","4,435,987","","1.21","r","11,520",""
"06/2003","4,088,097","","0.00","","18,554",""
"07/2003","3,547,162","","0.10","","18,718",""
"08/2003","3,258,552","","1.47","","13,260",""
"09/2003","3,159,376","r","0.15","","12,409",""
"10/2003","3,090,889","","0.00","r","8,696",""
"11/2003","3,090,196","","10.75","","2,745",""
"12/2003","3,345,962","r","19.70","r","2,533",""
"01/2004","3,606,500","","7.38","r","1,408",""
"02/2004","3,868,600","","19.40","","2,678",""
"03/2004","3,905,184","","4.24","","7,043",""
"04/2004","4,059,792","","2.91","","9,584",""
"05/2004","3,863,800","","0.77","r","11,980",""
"06/2004","3,360,818","","0.60","r","15,826",""
"07/2004","2,802,297","r","0.00","","15,882",""
"08/2004","2,410,369","","0.00","","12,236",""
"09/2004","2,182,851","","0.02","r","8,771",""
"10/2004","2,158,914","","7.31","r","4,346",""
"11/2004","2,124,248","","1.83","","2,489",""
"12/2004","2,417,193","","18.12","","2,339",""
"01/2005","2,832,031","","6.93","r","2,160",""
"02/2005","3,168,056","","5.96","","3,043",""
"03/2005","3,827,041","","10.39","r","4,893",""
"04/2005","4,207,234","","3.60","r","7,073",""
"05/2005","4,467,986","","9.80","","9,862",""
"06/2005","4,217,184","","1.90","","13,579",""
"07/2005","3,639,214","","0.00","","18,679",""
"08/2005","3,271,767","","0.00","","15,043",""
"09/2005","3,034,837","","0.00","","10,588",""
"10/2005","2,855,374","","0.95","","6,000",""
"11/2005","2,896,041","","9.53","","3,404",""
"12/2005","3,754,767","","22.84","","3,433",""
"01/2006","3,586,074","","14.08","","3,025",""
"02/2006","3,834,224","","8.21","","4,465",""
"03/2006","3,853,900","","16.67","","3,521",""
"04/2006","4,057,305","","13.72","","7,535",""
"05/2006","4,467,101","","1.30","","13,650",""
"06/2006","4,249,102","","0.55","","15,709",""
"07/2006","3,784,113","","0.00","","20,023",""
"08/2006","3,377,701","","0.00","","14,476",""
"09/2006","3,205,145","","0.00","","11,514",""
"10/2006","3,119,405","","0.24","","6,807",""
"11/2006","3,127,097","","6.98","","2,313",""
"12/2006","3,334,767","","11.69","","2,598",""
"01/2007","3,374,275","","1.25","","3,059",""
"02/2007","3,772,193","","12.81","","2,428",""
"03/2007","4,010,994","","0.77","r","6,181",""
"04/2007","3,901,137","","3.02","","8,721",""
"05/2007","3,601,174","","0.88","","13,172",""
"06/2007","3,140,631","","0.12","","15,039",""
"07/2007","2,559,821","","2.68","","14,329",""
"08/2007","2,133,899","","0.01","","10,897",""
"09/2007","1,879,144","","0.00","","6,647",""
"10/2007","1,800,690","","4.16","r","3,467",""
"11/2007","1,729,679","","0.60","r","2,660",""
"12/2007","1,784,100","","10.24","r","1,995",""
"01/2008","2,179,031","","16.69","r","1,882",""
"02/2008","2,641,041","","10.52","","2,765",""
"03/2008","2,990,558","","0.28","r","4,905",""
"04/2008","2,954,112","","0.76","r","8,271",""
"05/2008","2,806,832","","1.13","","10,600",""
"06/2008","2,402,186","","0.08","","12,738",""
"07/2008","1,905,819","","0.00","","11,225",""
"08/2008","1,570,784","","0.00","","10,378",""
"09/2008","1,384,481","","0.00","","6,992",""
"10/2008","1,282,770","","4.43","","3,898",""
"11/2008","1,331,169","","4.01","","1,718",""
"12/2008","1,361,975","","4.33","","1,043",""
"01/2009","1,416,145","","0.52","","1,987",""
"02/2009","1,960,458","","20.77","","1,997",""
"03/2009","2,880,614","","8.43","","4,009",""
"04/2009","2,998,247","","3.31","","7,942",""
"05/2009","3,118,941","","7.45","","11,520",""
"06/2009","2,797,114","","2.35","","11,286",""
"07/2009","2,325,795","","0.00","","13,906",""
"08/2009","1,936,123","","0.00","","10,907",""
"09/2009","1,773,947","","0.02","","7,631",""
"10/2009","1,707,930","","8.13","","5,338",""
"11/2009","1,673,687","","1.36","","2,610",""
"12/2009","1,777,112","","6.62","","1,466",""
"01/2010","2,596,882","","21.78","","3,031",""
"02/2010","3,380,147","","12.02","","3,287",""
"03/2010","3,868,648","","5.24","r","5,877",""
"04/2010","4,390,774","","10.39","","6,563",""
"05/2010","4,464,744","","3.80","r","11,203",""
"06/2010","4,279,177","","0.54","","14,858",""
"07/2010","3,841,140","","0.00","","19,861",""
"08/2010","3,491,704","","0.29","","15,245",""
"09/2010","3,318,779","","0.48","","9,874",""
"10/2010","3,272,489","","7.07","","5,625",""
"11/2010","3,224,150","","9.02","","2,940",""
"12/2010","3,489,195","","14.63","","1,783",""
"01/2011","3,490,198","","1.87","r","3,116",""
"02/2011","3,784,113","","6.24","","4,284",""
"03/2011","4,032,173","","18.75","r","4,106",""
"04/2011","4,266,264","","2.06","r","7,333",""
"05/2011","4,486,848","","4.57","","10,711",""
"06/2011","4,401,530","","4.29","","12,448",""
"07/2011","4,034,923","","0.28","","16,600",""
"08/2011","3,619,135","","0.00","","16,128",""
"09/2011","3,341,094","","0.17","","11,310",""
"10/2011","3,226,770","","3.99","","5,994",""
"11/2011","3,150,229","","3.59","","3,380",""
"12/2011","3,094,584","","0.69","","3,848",""
"01/2012","3,107,334","","7.60","","3,356",""
"02/2012","3,169,235","","2.85","","3,477",""
"03/2012","3,853,414","","19.28","","3,826",""
"04/2012","4,440,094","","5.33","","8,067",""
"05/2012","4,299,311","","0.60","","14,569",""
"06/2012","3,880,716","","0.49","","15,830",""
"07/2012","3,271,045","","0.06","r","16,253",""
"08/2012","2,794,523","","0.00","","14,416",""
"09/2012","2,591,560","","0.00","","10,324",""
"10/2012","2,466,130","","1.59","","5,685",""
"11/2012","2,564,273","","15.62","","3,642",""
"12/2012","3,318,052","","19.66","","3,814",""
"01/2013","3,473,687","","0.88","","4,086",""
"02/2013","3,610,647","","0.72","r","4,717",""
"03/2013","3,771,133","","4.47","r","4,510",""
"04/2013","3,788,352","","1.84","","10,033",""
"05/2013","3,362,531","","0.54","","11,530",""
"06/2013","2,938,227","","3.57","","15,912",""
"07/2013","2,433,819","","0.00","","14,019",""
"08/2013","2,101,287","","0.00","","10,205",""
"09/2013","1,905,985","","2.12","","7,057",""
"10/2013","1,744,200","","0.03","","4,132",""
"11/2013","1,695,999","","2.52","","2,832",""
"12/2013","1,673,380","","0.32","r","1,688",""
"01/2014","1,655,800","","0.48","r","3,013",""
"02/2014","1,773,314","","12.25","r","2,590",""
"03/2014","2,198,728","","12.78","","2,969",""
"04/2014","2,408,810","","2.18","","5,482",""
"05/2014","2,177,212","","0.20","","10,152",""
"06/2014","1,851,266","","0.00","","11,155",""
"07/2014","1,575,037","","0.02","","11,532",""
"08/2014","1,342,087","","0.45","","8,694",""
"09/2014","1,157,084","","2.54","","5,837",""
"10/2014","1,108,846","","4.97","","3,074",""
"11/2014","1,047,922","","4.99","","1,367",""
"12/2014","1,867,305","","22.87","","1,057",""
"01/2015","2,000,830","","0.96","r","2,585",""
"02/2015","2,612,715","","11.14","","2,947",""
"03/2015","2,689,083","","1.53","","5,167",""
"04/2015","2,662,479","","2.07","","7,607",""
"05/2015","2,404,134","","1.33","","9,404",""
"06/2015","2,198,180","","0.00","","12,105",""
"07/2015","1,990,340","","0.41","","11,407",""
"08/2015","1,788,558","","0.50","","9,755",""
"09/2015","1,602,500","","1.18","","6,466",""
"10/2015","1,416,282","","0.52","","4,118",""
"11/2015","1,328,945","","2.06","","1,573",""
"12/2015","1,427,251","","13.04","","920",""
"01/2016","2,346,025","","23.30","","1,150",""
"02/2016","2,766,120","","3.08","","2,608",""
"03/2016","4,026,672","","17.17","","4,810",""
"04/2016","4,233,111","","1.77","e","8,353",""
"05/2016","4,167,076","","2.39","","10,255",""
"06/2016","3,920,296","","1.46","","15,856",""
"07/2016","3,544,374","","0.00","","18,298",""
"08/2016","3,132,231","","0.00","","15,684",""
"09/2016","2,811,392","","0.00","","10,104",""
"10/2016","2,765,261","","13.08","","3,519",""
"11/2016","2,910,211","","8.47","","1,722",""
"12/2016","3,341,580","","9.97","","1,745",""
"01/2017","3,546,148","","22.42","","2,071",""
"02/2017","3,779,345","","25.47","","1,761",""
"03/2017","4,031,347","","7.85","","3,844",""
"04/2017","4,262,821","","10.29","","4,491",""
"05/2017","4,353,084","","0.19","","15,910",""
"06/2017","4,211,498","","0.42","","15,686",""
"07/2017","3,941,688","","0.00","","22,021",""
"08/2017","3,626,594","","0.08","","17,272",""
"09/2017","3,381,860","","0.27","","10,760",""
"10/2017","3,176,781","","0.49","r","7,063",""
"11/2017","3,221,291","","10.37","","1,648",""
"12/2017","3,202,775","","0.17","","2,638",""
"01/2018","3,349,127","","--","","1,757",""
"02/2018","3,413,598","","0.27","","3,110",""
"03/2018","3,879,642","","11.66","","2,769",""
"04/2018","4,194,766","","4.50","","7,391",""
"05/2018","3,955,254","","3.26","","11,070",""
"06/2018","3,641,799","","0.00","","16,302",""
"07/2018","3,146,945","","0.00","","17,411",""
"08/2018","2,691,395","","0.00","","13,440","e"
"09/2018","2,405,109","","0.26","","9,023",""
"10/2018","2,191,045","","0.20","","5,062",""
"11/2018","2,177,030","","11.07","","2,344",""
"12/2018","2,267,895","","6.14","","1,428",""
"01/2019","2,911,539","","13.85","","1,855",""
"02/2019","3,947,653","","23.50","","1,694",""
"03/2019","4,027,772","","16.86","","2,900",""
"04/2019","4,223,154","","7.76","","8,420",""
"05/2019","4,476,827","","7.55","","11,187",""
"06/2019","4,355,399","","0.00","","17,705",""
"07/2019","4,024,471","","0.00","","19,000",""
"08/2019","3,658,340","","0.78","","15,517",""
"09/2019","3,425,462","","0.56","","10,090",""
"10/2019","3,271,000","r","0.25","","6,829",""
"11/2019","3,209,000","r","2.61","","4,683",""
"12/2019","3,330,000","r","11.81","","2,265",""
"01/2020","3,482,000","r","5.80","","1,781",""
"02/2020","3,546,000","r","0.00","","5,125",""
"03/2020","3,600,000","r","1.94","","4,380",""
"04/2020","3,687,000","r","2.02","","8,041",""
"05/2020","3,529,000","r","4.04","","10,826",""
"06/2020","3,147,000","r","0.07","","13,615",""
"07/2020","2,678,000","r","0.03","","16,229",""
"08/2020","2,351,000","r","0.00","","11,522",""
"09/2020","2,200,000","r","0.00","","8,041",""
"10/2020","2,082,000","r","0.20","","5,754",""
"11/2020","2,023,000","r","2.30","","2,422",""
"12/2020","2,032,000","r","2.85","","1,742",""
"01/2021","2,129,000","r","9.60","","1,823",""
"02/2021","2,277,000","r","3.52","","2,487",""
"03/2021","2,392,000","r","4.48","","4,296",""
"04/2021","2,288,000","r","0.44","","7,567",""
"05/2021","1,976,000","r","0.00","","10,376",""
"06/2021","1,746,000","r","0.01","","11,556",""
"07/2021","1,454,000","r","0.13","","11,568",""
"08/2021","1,227,000","r","0.00","","7,160",""
"09/2021","1,074,000","r","0.61","","5,141",""
"10/2021","1,002,000","r","10.64","","2,343",""
"11/2021","1,117,000","r","5.43","","1,216",""
"12/2021","1,331,000","r","14.16","","623",""
"01/2022","1,621,000","r","4.67","","1,617",""
"02/2022","1,690,000","r","0.00","","3,483",""
"03/2022","1,735,000","r","1.07","","3,872",""
"04/2022","1,808,000","r","3.89","","4,639",""
"05/2022","1,815,000","r","0.43","","6,726",""
"06/2022","1,777,000","r","1.05","","9,414",""
"07/2022","1,683,000","r","0.05","","11,284",""
"08/2022","1,590,000","r","0.00","","10,106",""
"09/2022","1,515,000","r","0.00","","6,109",""
"10/2022","1,414,226","","0.00","","3,991",""
"11/2022","1,398,822","","3.37","","1,682",""
"12/2022","1,523,676","","11.76","","881",""
"01/2023","2,570,345","","18.59","","1,740",""
"02/2023","2,747,095","","4.25","","2,027",""
"03/2023","3,770,900","","22.31","r","1,872",""
"04/2023","4,430,100","","3.29","","8,573",""
"05/2023","4,457,700","","2.23","","11,189",""
"06/2023","4,274,586","","0.24","","15,422",""
"07/2023","3,889,800","","0.39","","20,626",""
"08/2023","3,531,000","","1.25","","14,706",""
"09/2023","3,332,300","","2.14","","8,466",""
"10/2023","3,146,500","","0.53","","5,326",""
"11/2023","3,074,700","","4.40","","2,749",""
"12/2023","3,112,673","","10.71","","1,446",""
"01/2024","--","","--","","--",""